Model,Tasks,Mean WIS,Median WIS,Mean log WIS,Median log WIS,50% coverage,95% coverage,Rel. WIS,Rel. log WIS
Google_SAI-RSVEns,2184,19.952110109093805,9.641847826086956,0.19602977226367205,0.12864876592625746,0.36355311355311354,0.8237179487179487,0.8233525216158564,0.8175712923865336
RSVHub-ensemble,2184,23.08338355678433,10.525652173913043,0.22799630579052993,0.15042935072499214,0.3882783882783883,0.8612637362637363,1.0,1.0
RSVHub-baseline,2184,19.99549138224898,11.582894055549254,0.2570604828031015,0.17740268694692474,0.31135531135531136,0.9175824175824175,0.8257403070118372,1.1734826643587464
CEPH-Rtrend_rsv,2184,28.056813385889473,11.690434782608698,0.2651215764853042,0.16736897962304798,0.35210622710622713,0.7637362637362637,1.2971349690164629,1.2228025932241957
