model_id,n_tasks,mean_wis,median_wis,mean_log_wis,median_log_wis,cov_50,cov_95
Google_SAI-RSVEns,2184,19.952110109093805,9.641847826086956,0.19602977226367205,0.12864876592625746,0.36355311355311354,0.8237179487179487
RSVHub-ensemble,2184,23.08338355678433,10.525652173913043,0.22799630579052993,0.15042935072499214,0.3882783882783883,0.8612637362637363
RSVHub-baseline,2184,19.99549138224898,11.582894055549254,0.2570604828031015,0.17740268694692474,0.31135531135531136,0.9175824175824175
CEPH-Rtrend_rsv,2184,28.056813385889473,11.690434782608698,0.2651215764853042,0.16736897962304798,0.35210622710622713,0.7637362637362637
